x_pos,y_pos,z_pos
-0.5708709181286032,-1.2106313341455748,1.1612830877006661
