x_pos,y_pos,z_pos
0.08809626169153968,0.46335261323287685,0.8571691982242198
